movie_title,similarity_score
Toy Story (1995),0.26419592600904485
GoldenEye (1995),0.6079689381653924
Four Rooms (1995),0.4410609802413238
Get Shorty (1995),0.7894046945812424
Copycat (1995),0.6668559819143963
Shanghai Triad (Yao a yao yao dao waipo qiao) (1995),0.5375430696691134
Twelve Monkeys (1995),0.4483234894402997
Babe (1995),0.5554480613081726
Dead Man Walking (1995),0.5375430696691134
Richard III (1995),0.46196811737978705
Seven (Se7en) (1995),0.4366280940635962
"Usual Suspects, The (1995)",0.4366280940635962
Mighty Aphrodite (1995),0.40246814447020796
"Postino, Il (1994)",0.57307437345847
Mr. Holland's Opus (1995),0.5375430696691134
French Twist (Gazon maudit) (1995),0.4775619778820584
From Dusk Till Dawn (1996),0.6743431959014169
"White Balloon, The (1995)",0.5375430696691134
Antonia's Line (1995),0.5375430696691134
Angels and Insects (1995),0.57307437345847
Muppet Treasure Island (1996),0.6595495608907824
Braveheart (1995),0.6238843553948529
Taxi Driver (1976),0.6919775597882887
Rumble in the Bronx (1995),0.4551809327625713
"Birdcage, The (1996)",0.40246814447020796
"Brothers McMullen, The (1995)",0.40246814447020796
Bad Boys (1995),0.42727782460878244
Apollo 13 (1995),0.8116862787024872
Batman Forever (1995),0.5954323233257872
Belle de jour (1967),0.5375430696691134
Crimson Tide (1995),0.6318420640095831
Crumb (1994),0.0
Desperado (1995),0.6588982732996661
"Doom Generation, The (1995)",0.6646883039093139
Free Willy 2: The Adventure Home (1995),0.4297162651954344
Mad Love (1995),0.57307437345847
Nadja (1994),0.5375430696691134
"Net, The (1995)",0.3801003497428628
Strange Days (1995),0.4042515976282976
"To Wong Foo, Thanks for Everything! Julie Newmar (1995)",0.40246814447020796
Billy Madison (1995),0.40246814447020796
Clerks (1994),0.40246814447020796
Disclosure (1994),0.6919775597882887
Dolores Claiborne (1994),0.6919775597882887
Eat Drink Man Woman (1994),0.6646883039093139
Exotica (1994),0.5375430696691134
Ed Wood (1994),0.6646883039093139
Hoop Dreams (1994),0.0
I.Q. (1994),0.4775619778820584
Star Wars (1977),0.4906555611860401
Legends of the Fall (1994),0.4741405537594231
"Madness of King George, The (1994)",0.5375430696691134
Natural Born Killers (1994),0.6140082572769322
Outbreak (1995),0.8116862787024872
"Professional, The (1994)",0.713967461765643
Pulp Fiction (1994),0.5048512337610331
Priest (1994),0.5375430696691134
Quiz Show (1994),0.5375430696691134
Three Colors: Red (1994),0.5375430696691134
Three Colors: Blue (1993),0.5375430696691134
Three Colors: White (1994),0.5375430696691134
Stargate (1994),0.40902622279713574
"Santa Clause, The (1994)",0.3001818146687224
"Shawshank Redemption, The (1994)",0.5375430696691134
What's Eating Gilbert Grape (1993),0.6646883039093139
While You Were Sleeping (1995),0.4775619778820584
Ace Ventura: Pet Detective (1994),0.40246814447020796
"Crow, The (1994)",0.6588982732996661
Forrest Gump (1994),0.4567724744855173
Four Weddings and a Funeral (1994),0.4775619778820584
"Lion King, The (1994)",0.04297162651954344
"Mask, The (1994)",0.33899838698750934
Maverick (1994),0.4917863923903305
Faster Pussycat! Kill! Kill! (1965),0.7894046945812424
Brother Minister: The Assassination of Malcolm X (1994),0.0
Carlito's Way (1993),0.5048512337610331
"Firm, The (1993)",0.6919775597882887
Free Willy (1993),0.4297162651954344
"Fugitive, The (1993)",0.6140082572769322
Hot Shots! Part Deux (1993),0.5458988109704963
"Hudsucker Proxy, The (1994)",0.4775619778820584
Jurassic Park (1993),0.40902622279713574
Much Ado About Nothing (1993),0.4775619778820584
Robert A. Heinlein's The Puppet Masters (1994),0.11110625607868298
"Ref, The (1994)",0.40246814447020796
"Remains of the Day, The (1993)",0.5375430696691134
Searching for Bobby Fischer (1993),0.5375430696691134
Sleepless in Seattle (1993),0.4775619778820584
Blade Runner (1982),0.06822313969743692
So I Married an Axe Murderer (1993),0.6445743977931516
"Nightmare Before Christmas, The (1993)",0.25623821739431457
True Romance (1993),0.506110267896845
Welcome to the Dollhouse (1995),0.6646883039093139
Home Alone (1990),0.3001818146687224
Aladdin (1992),0.23844859244296565
Terminator 2: Judgment Day (1991),0.5570396030311187
Dances with Wolves (1990),0.4297162651954344
"Silence of the Lambs, The (1991)",0.6919775597882887
Snow White and the Seven Dwarfs (1937),0.04297162651954344
Fargo (1996),0.6668559819143963
Heavy Metal (1981),0.3587456490078836
"Aristocats, The (1970)",0.03898465125567824
All Dogs Go to Heaven 2 (1996),0.04297162651954344
Theodore Rex (1995),0.40246814447020796
Sgt. Bilko (1996),0.40246814447020796
Diabolique (1996),0.6919775597882887
Moll Flanders (1996),0.5375430696691134
Kids in the Hall: Brain Candy (1996),0.40246814447020796
Mystery Science Theater 3000: The Movie (1996),0.35281109386388804
Operation Dumbo Drop (1995),0.5651093809341962
"Truth About Cats & Dogs, The (1996)",0.4775619778820584
Flipper (1996),0.14619244220879338
"Horseman on the Roof, The (Hussard sur le toit, Le) (1995)",0.5375430696691134
Wallace & Gromit: The Best of Aardman Animation (1996),0.03307957351809928
"Haunted World of Edward D. Wood Jr., The (1995)",0.0
Cold Comfort Farm (1995),0.40246814447020796
"Rock, The (1996)",0.6079689381653924
Twister (1996),0.6079689381653924
Maya Lin: A Strong Clear Vision (1994),0.0
Striptease (1996),0.40933883818462147
Independence Day (ID4) (1996),0.36923767972348437
"Cable Guy, The (1996)",0.40246814447020796
"Frighteners, The (1996)",0.32747107054769714
Lone Star (1996),0.4210342335613249
Phenomenon (1996),0.57307437345847
"Spitfire Grill, The (1996)",0.5375430696691134
"Godfather, The (1972)",0.6588982732996661
Supercop (1992),0.6140082572769322
Bound (1996),0.713967461765643
Kansas City (1996),0.17642439209652955
Breakfast at Tiffany's (1961),0.57307437345847
"Wizard of Oz, The (1939)",0.3817934110213959
Gone with the Wind (1939),0.534758018909874
Citizen Kane (1941),0.5375430696691134
2001: A Space Odyssey (1968),0.5664876964974502
Mr. Smith Goes to Washington (1939),0.5375430696691134
Big Night (1996),0.5375430696691134
D3: The Mighty Ducks (1996),0.3001818146687224
"Love Bug, The (1969)",0.3001818146687224
Homeward Bound: The Incredible Journey (1993),0.14619244220879338
"20,000 Leagues Under the Sea (1954)",0.15574965864771748
Bedknobs and Broomsticks (1971),0.13050642128157638
"Sound of Music, The (1965)",0.01929641788555792
Die Hard (1988),0.6140082572769322
"Lawnmower Man, The (1992)",0.5570396030311187
Unhook the Stars (1996),0.5375430696691134
"Long Kiss Goodnight, The (1996)",0.6140082572769322
"Ghost and the Darkness, The (1996)",0.4327296289380284
Jude (1996),0.5375430696691134
Swingers (1996),0.6646883039093139
Willy Wonka and the Chocolate Factory (1971),0.35173072077107775
Sleeper (1973),0.35281109386388804
"Fish Called Wanda, A (1988)",0.40246814447020796
Monty Python's Life of Brian (1979),0.40246814447020796
Dirty Dancing (1987),0.20661865165509466
Reservoir Dogs (1992),0.4366280940635962
Platoon (1986),0.46196811737978705
Weekend at Bernie's (1989),0.40246814447020796
Basic Instinct (1992),0.35281109386388804
Glengarry Glen Ross (1992),0.5375430696691134
Top Gun (1986),0.49510507094711365
On Golden Pond (1981),0.5375430696691134
"Return of the Pink Panther, The (1974)",0.40246814447020796
"Abyss, The (1989)",0.574757589876975
Jean de Florette (1986),0.5375430696691134
Manon of the Spring (Manon des sources) (1986),0.5375430696691134
Private Benjamin (1980),0.40246814447020796
Monty Python and the Holy Grail (1974),0.40246814447020796
"Wrong Trousers, The (1993)",0.30797874491985805
Cinema Paradiso (1988),0.7002783580962635
Delicatessen (1991),0.35281109386388804
"Empire Strikes Back, The (1980)",0.6673562372880302
"Princess Bride, The (1987)",0.643673368039682
Raiders of the Lost Ark (1981),0.4327296289380284
Brazil (1985),0.09648208942778959
Aliens (1986),0.5402997007956216
"Good, The Bad and The Ugly, The (1966)",0.31772490773377765
12 Angry Men (1957),0.5375430696691134
"Clockwork Orange, A (1971)",0.09648208942778959
Apocalypse Now (1979),0.46196811737978705
Return of the Jedi (1983),0.4906555611860401
GoodFellas (1990),0.5048512337610331
Alien (1979),0.5127333895305389
Army of Darkness (1993),0.5239412399599673
Psycho (1960),0.447223224147841
"Blues Brothers, The (1980)",0.4901948506673844
"Godfather: Part II, The (1974)",0.6588982732996661
Full Metal Jacket (1987),0.6238843553948529
"Grand Day Out, A (1992)",0.30797874491985805
Henry V (1989),0.46196811737978705
Amadeus (1984),0.4210342335613249
Raging Bull (1980),0.5375430696691134
"Right Stuff, The (1983)",0.5375430696691134
"Sting, The (1973)",0.40933883818462147
"Terminator, The (1984)",0.5570396030311187
Dead Poets Society (1989),0.5375430696691134
"Graduate, The (1967)",0.57307437345847
Nikita (La Femme Nikita) (1990),0.4410609802413238
"Bridge on the River Kwai, The (1957)",0.46196811737978705
"Shining, The (1980)",0.06064588478318202
Evil Dead II (1987),0.5375430696691135
Groundhog Day (1993),0.4775619778820584
Unforgiven (1992),0.022053049012066193
Back to the Future (1985),0.35281109386388804
Patton (1970),0.46196811737978705
Akira (1988),0.3776584643316335
Cyrano de Bergerac (1990),0.714602233602778
Young Frankenstein (1974),0.32747107054769714
This Is Spinal Tap (1984),0.5538565195852265
Indiana Jones and the Last Crusade (1989),0.4327296289380284
M*A*S*H (1970),0.3664557218033754
"Unbearable Lightness of Being, The (1988)",0.5375430696691134
"Room with a View, A (1986)",0.57307437345847
Pink Floyd - The Wall (1982),0.38833618039883694
Field of Dreams (1989),0.5375430696691134
When Harry Met Sally... (1989),0.4775619778820584
Bram Stoker's Dracula (1992),0.23585714009685335
Cape Fear (1991),0.4410609802413238
"Nightmare on Elm Street, A (1984)",0.06064588478318202
"Mirror Has Two Faces, The (1996)",0.4775619778820584
Breaking the Waves (1996),0.5375430696691134
Star Trek: First Contact (1996),0.40902622279713574
Sling Blade (1996),0.6919775597882887
Ridicule (1996),0.5375430696691134
101 Dalmatians (1996),0.3001818146687224
Die Hard 2 (1990),0.6140082572769322
Star Trek VI: The Undiscovered Country (1991),0.40902622279713574
Star Trek: The Wrath of Khan (1982),0.40902622279713574
Star Trek III: The Search for Spock (1984),0.40902622279713574
Star Trek IV: The Voyage Home (1986),0.40902622279713574
Batman Returns (1992),0.5954323233257872
Young Guns (1988),0.4917863923903305
Under Siege (1992),0.42727782460878244
Jaws (1975),0.3450141636127524
Mars Attacks! (1996),0.5210032829100637
Citizen Ruth (1996),0.6646883039093139
Jerry Maguire (1996),0.57307437345847
Raising Arizona (1987),0.40246814447020796
Sneakers (1992),0.4679132665461397
Beavis and Butt-head Do America (1996),0.30797874491985805
"Last of the Mohicans, The (1992)",0.4710963499920318
Kolya (1996),0.40246814447020796
Jungle2Jungle (1997),0.3001818146687224
Smilla's Sense of Snow (1997),0.8116862787024872
"Devil's Own, The (1997)",0.7608301909162836
Chasing Amy (1997),0.57307437345847
Turbo: A Power Rangers Movie (1997),0.3660545962775923
Grosse Pointe Blank (1997),0.40933883818462147
Austin Powers: International Man of Mystery (1997),0.40246814447020796
"Fifth Element, The (1997)",0.3703541869289433
Shall We Dance? (1996),0.40246814447020796
"Lost World: Jurassic Park, The (1997)",0.574757589876975
"Pillow Book, The (1995)",0.57307437345847
Batman & Robin (1997),0.4551809327625713
My Best Friend's Wedding (1997),0.4775619778820584
When the Cats Away (Chacun cherche son chat) (1996),0.4775619778820584
Men in Black (1997),0.5554611719914172
Contact (1997),0.4483234894402997
George of the Jungle (1997),0.3001818146687224
Event Horizon (1997),0.5113550739672847
Air Bud (1997),0.3001818146687224
In the Company of Men (1997),0.5375430696691134
Steel (1997),0.42727782460878244
Mimic (1997),0.3801003497428628
"Hunt for Red October, The (1990)",0.6140082572769322
Kull the Conqueror (1997),0.4327296289380284
unknown,0.0
Chasing Amy (1997),0.57307437345847
"Full Monty, The (1997)",0.40246814447020796
Gattaca (1997),0.6207012719489607
Starship Troopers (1997),0.4121163534129869
Good Will Hunting (1997),0.5375430696691134
Heat (1995),0.6031943129965542
Sabrina (1995),0.4775619778820584
Sense and Sensibility (1995),0.57307437345847
Leaving Las Vegas (1995),0.57307437345847
Restoration (1995),0.5375430696691134
Bed of Roses (1996),0.57307437345847
Once Upon a Time... When We Were Colored (1995),0.5375430696691134
Up Close and Personal (1996),0.57307437345847
"River Wild, The (1994)",0.6140082572769322
"Time to Kill, A (1996)",0.5375430696691134
Emma (1996),0.57307437345847
Tin Cup (1996),0.4775619778820584
Secrets & Lies (1996),0.5375430696691134
"English Patient, The (1996)",0.534758018909874
Marvin's Room (1996),0.5375430696691134
Scream (1996),0.35476032642667193
Evita (1996),0.3937449776823502
Fierce Creatures (1997),0.40246814447020796
Absolute Power (1997),0.35281109386388804
Rosewood (1997),0.5375430696691134
Donnie Brasco (1997),0.5048512337610331
Liar Liar (1997),0.40246814447020796
Breakdown (1997),0.6140082572769322
"Promesse, La (1996)",0.5375430696691134
Ulee's Gold (1997),0.5375430696691134
Face/Off (1997),0.5570396030311187
Hoodlum (1997),0.4122093062430278
Air Force One (1997),0.6140082572769322
In & Out (1997),0.40246814447020796
L.A. Confidential (1997),0.3376873129972635
Ulee's Gold (1997),0.5375430696691134
Fly Away Home (1996),0.14619244220879338
"Ice Storm, The (1997)",0.5375430696691134
"Mrs. Brown (Her Majesty, Mrs. Brown) (1997)",0.57307437345847
"Devil's Advocate, The (1997)",0.36801025538885457
FairyTale: A True Story (1997),0.32785759492688693
Deceiver (1997),0.17642439209652955
"Rainmaker, The (1997)",0.5375430696691134
"Wings of the Dove, The (1997)",0.7225599422175082
Midnight in the Garden of Good and Evil (1997),0.5871624299462623
Titanic (1997),0.714602233602778
3 Ninjas: High Noon At Mega Mountain (1998),0.31772490773377765
Apt Pupil (1998),0.6919775597882887
As Good As It Gets (1997),0.6646883039093139
In the Name of the Father (1993),0.5375430696691134
Schindler's List (1993),0.46196811737978705
Everyone Says I Love You (1996),0.40106851418240547
Paradise Lost: The Child Murders at Robin Hood Hills (1996),0.0
Mother (1996),0.40246814447020796
Murder at 1600 (1997),0.35281109386388804
Dante's Peak (1997),0.6140082572769322
Lost Highway (1997),0.057889253656673745
Crash (1996),0.6919775597882887
G.I. Jane (1997),0.6238843553948529
Cop Land (1997),0.445631682424895
Conspiracy Theory (1997),0.5995672700155495
Desperate Measures (1998),0.6668559819143963
187 (1997),0.5375430696691134
"Edge, The (1997)",0.44247579175194796
Kiss the Girls (1997),0.6668559819143963
"Game, The (1997)",0.35281109386388804
U Turn (1997),0.38197001350705284
How to Be a Player (1997),0.40246814447020796
Playing God (1997),0.4366280940635962
"House of Yes, The (1997)",0.7973624031959727
Bean (1997),0.40246814447020796
Mad City (1997),0.6822313969743691
Boogie Nights (1997),0.5375430696691134
Critical Care (1997),0.40246814447020796
"Man Who Knew Too Little, The (1997)",0.32552183798491324
Alien: Resurrection (1997),0.3374068452645633
"Apostle, The (1997)",0.5375430696691134
Deconstructing Harry (1997),0.6646883039093139
Jackie Brown (1997),0.5048512337610331
Wag the Dog (1997),0.6646883039093139
Desperate Measures (1998),0.6668559819143963
Hard Rain (1998),0.6140082572769322
Fallen (1998),0.534758018909874
"Prophecy II, The (1998)",0.06064588478318202
Spice World (1997),0.2982325821059385
Deep Rising (1998),0.3374068452645633
"Wedding Singer, The (1998)",0.4775619778820584
Sphere (1998),0.41698393141186596
"Client, The (1994)",0.598419687827716
One Flew Over the Cuckoo's Nest (1975),0.5375430696691134
Spawn (1997),0.574757589876975
"Assignment, The (1997)",0.4410609802413238
Wonderland (1997),0.0
Incognito (1997),0.4366280940635962
Blues Brothers 2000 (1998),0.4901948506673844
Sudden Death (1995),0.42727782460878244
Ace Ventura: When Nature Calls (1995),0.40246814447020796
Powder (1995),0.5375430696691134
Dangerous Minds (1995),0.5375430696691134
Clueless (1995),0.40246814447020796
Bio-Dome (1996),0.40246814447020796
Black Sheep (1996),0.40246814447020796
Mary Reilly (1996),0.6919775597882887
"Bridges of Madison County, The (1995)",0.57307437345847
Jeffrey (1995),0.40246814447020796
Judge Dredd (1995),0.40902622279713574
Mighty Morphin Power Rangers: The Movie (1995),0.31772490773377765
Showgirls (1995),0.5375430696691134
Houseguest (1994),0.40246814447020796
Heavyweights (1994),0.3001818146687224
Miracle on 34th Street (1994),0.5375430696691134
Tales From the Crypt Presents: Demon Knight (1995),0.06064588478318202
Star Trek: Generations (1994),0.40902622279713574
Muriel's Wedding (1994),0.4775619778820584
"Adventures of Priscilla, Queen of the Desert, The (1994)",0.6646883039093139
"Flintstones, The (1994)",0.3001818146687224
Naked Gun 33 1/3: The Final Insult (1994),0.40246814447020796
True Lies (1994),0.643673368039682
Addams Family Values (1993),0.40246814447020796
"Age of Innocence, The (1993)",0.5375430696691134
Beverly Hills Cop III (1994),0.5867190013979574
Black Beauty (1994),0.14619244220879338
Fear of a Black Hat (1993),0.40246814447020796
Last Action Hero (1993),0.5867190013979574
"Man Without a Face, The (1993)",0.5375430696691134
Mrs. Doubtfire (1993),0.40246814447020796
Radioland Murders (1994),0.4233500983036502
Robin Hood: Men in Tights (1993),0.40246814447020796
Serial Mom (1994),0.3692376797234844
Striking Distance (1993),0.42727782460878244
Super Mario Bros. (1993),0.36525362426234625
"Three Musketeers, The (1993)",0.5856873540441476
"Little Rascals, The (1994)",0.3001818146687224
"Brady Bunch Movie, The (1995)",0.40246814447020796
Ghost (1990),0.6445743977931516
Batman (1989),0.6629697859252399
Pinocchio (1940),0.03898465125567824
Mission: Impossible (1996),0.386744638675891
Thinner (1996),0.35476032642667193
Spy Hard (1996),0.40246814447020796
"Close Shave, A (1995)",0.506110267896845
Jack (1996),0.6646883039093139
Kingpin (1996),0.40246814447020796
"Nutty Professor, The (1996)",0.3900633044009207
"Very Brady Sequel, A (1996)",0.40246814447020796
Tales from the Crypt Presents: Bordello of Blood (1996),0.06064588478318202
My Favorite Year (1982),0.40246814447020796
"Apple Dumpling Gang, The (1975)",0.25782975911726064
Old Yeller (1957),0.39569421024513407
"Parent Trap, The (1961)",0.39569421024513407
Cinderella (1950),0.04297162651954344
Mary Poppins (1964),0.25623821739431457
Alice in Wonderland (1951),0.04297162651954344
William Shakespeare's Romeo and Juliet (1996),0.57307437345847
Aladdin and the King of Thieves (1996),0.26419592600904485
E.T. the Extra-Terrestrial (1982),0.33217405074424694
Children of the Corn: The Gathering (1996),0.06064588478318202
Bob Roberts (1992),0.40246814447020796
"Transformers: The Movie, The (1986)",0.46366065727262806
To Kill a Mockingbird (1962),0.5375430696691134
Harold and Maude (1971),0.40246814447020796
"Day the Earth Stood Still, The (1951)",0.4483234894402997
Duck Soup (1933),0.3664557218033754
Highlander (1986),0.4327296289380284
Fantasia (1940),0.04297162651954344
Heathers (1989),0.40246814447020796
Forbidden Planet (1956),0.09648208942778959
Butch Cassidy and the Sundance Kid (1969),0.4917863923903305
"American Werewolf in London, An (1981)",0.06064588478318202
Amityville 1992: It's About Time (1992),0.06064588478318202
Amityville 3-D (1983),0.06064588478318202
Amityville: A New Generation (1993),0.06064588478318202
Amityville II: The Possession (1982),0.06064588478318202
"Amityville Horror, The (1979)",0.06064588478318202
"Amityville Curse, The (1990)",0.06064588478318202
"Birds, The (1963)",0.06064588478318202
"Blob, The (1958)",0.11110625607868298
"Body Snatcher, The (1945)",0.06064588478318202
Burnt Offerings (1976),0.06064588478318202
Carrie (1976),0.06064588478318202
"Omen, The (1976)",0.06064588478318202
Star Trek: The Motion Picture (1979),0.40902622279713574
Star Trek V: The Final Frontier (1989),0.40902622279713574
Grease (1978),0.40106851418240547
Jaws 2 (1978),0.3450141636127524
Jaws 3-D (1983),0.3450141636127524
Bastard Out of Carolina (1996),0.5375430696691134
Jackie Chan's First Strike (1996),0.42727782460878244
Beverly Hills Ninja (1997),0.5867190013979574
Free Willy 3: The Rescue (1997),0.4297162651954344
Nixon (1995),0.5375430696691134
"Cry, the Beloved Country (1995)",0.5375430696691134
"Crossing Guard, The (1995)",0.5375430696691134
Smoke (1995),0.5375430696691134
Like Water For Chocolate (Como agua para chocolate) (1992),0.57307437345847
"Secret of Roan Inish, The (1994)",0.18469428547605435
Vanya on 42nd Street (1994),0.5375430696691134
"Jungle Book, The (1994)",0.2769282597926133
Red Rock West (1992),0.4410609802413238
"Bronx Tale, A (1993)",0.5375430696691134
Rudy (1993),0.5375430696691134
Short Cuts (1993),0.5375430696691134
Tombstone (1993),0.022053049012066193
Courage Under Fire (1996),0.46196811737978705
Dragonheart (1996),0.358096887662862
James and the Giant Peach (1996),0.04297162651954344
Dr. Strangelove or: How I Learned to Stop Worrying and Love the Bomb (1963),0.1500909073343612
Trainspotting (1996),0.5375430696691134
"First Wives Club, The (1996)",0.40246814447020796
Matilda (1996),0.3001818146687224
"Philadelphia Story, The (1940)",0.4775619778820584
Vertigo (1958),0.35281109386388804
North by Northwest (1959),0.596465164211877
"Apartment, The (1960)",0.6646883039093139
Some Like It Hot (1959),0.40933883818462147
Casablanca (1942),0.534758018909874
"Maltese Falcon, The (1941)",0.04093388381846214
My Fair Lady (1964),0.20661865165509466
Sabrina (1954),0.4775619778820584
Roman Holiday (1953),0.4775619778820584
Sunset Blvd. (1950),0.0
Notorious (1946),0.4122093062430278
To Catch a Thief (1955),0.6445743977931516
"Adventures of Robin Hood, The (1938)",0.4327296289380284
East of Eden (1955),0.5375430696691134
"Thin Man, The (1934)",0.057889253656673745
His Girl Friday (1940),0.40246814447020796
Around the World in 80 Days (1956),0.4151865358729732
It's a Wonderful Life (1946),0.5375430696691134
Bringing Up Baby (1938),0.40246814447020796
"African Queen, The (1951)",0.5003285494612517
Cat on a Hot Tin Roof (1958),0.5375430696691134
Fly Away Home (1996),0.14619244220879338
Dumbo (1941),0.04297162651954344
Bananas (1971),0.3664557218033754
"Candidate, The (1972)",0.5375430696691134
Bonnie and Clyde (1967),0.5048512337610331
Dial M for Murder (1954),0.35281109386388804
Rebel Without a Cause (1955),0.5375430696691134
"Streetcar Named Desire, A (1951)",0.5375430696691134
"People vs. Larry Flynt, The (1996)",0.5375430696691134
My Left Foot (1989),0.5375430696691134
"Magnificent Seven, The (1954)",0.5697719368146871
Lawrence of Arabia (1962),0.21246634934344638
Wings of Desire (1987),0.7002783580962635
"Third Man, The (1949)",0.35281109386388804
Annie Hall (1977),0.4775619778820584
"Boot, Das (1981)",0.6238843553948529
Local Hero (1983),0.40246814447020796
Manhattan (1979),0.7002783580962635
Miller's Crossing (1990),0.5375430696691134
"Treasure of the Sierra Madre, The (1948)",0.18469428547605435
"Great Escape, The (1963)",0.21246634934344638
"Deer Hunter, The (1978)",0.46196811737978705
Down by Law (1986),0.6646883039093139
Cool Hand Luke (1967),0.6646883039093139
"Great Dictator, The (1940)",0.40246814447020796
"Big Sleep, The (1946)",0.04093388381846214
Ben-Hur (1959),0.6636728984685042
Gandhi (1982),0.5375430696691134
"Killing Fields, The (1984)",0.46196811737978705
My Life as a Dog (Mitt liv som hund) (1985),0.5375430696691134
"Man Who Would Be King, The (1975)",0.18469428547605435
Shine (1996),0.57307437345847
Kama Sutra: A Tale of Love (1996),0.2729064815243191
"Daytrippers, The (1996)",0.057889253656673745
Traveller (1997),0.5375430696691134
Addicted to Love (1997),0.4775619778820584
Ponette (1996),0.5375430696691134
My Own Private Idaho (1991),0.5375430696691134
Anastasia (1997),0.04297162651954344
Mouse Hunt (1997),0.3001818146687224
Money Train (1995),0.42727782460878244
Mortal Kombat (1995),0.4327296289380284
Pocahontas (1995),0.17366776097002126
"Misérables, Les (1995)",0.3937449776823502
Things to Do in Denver when You're Dead (1995),0.5697719368146871
Vampire in Brooklyn (1995),0.4775619778820584
Broken Arrow (1996),0.6140082572769322
"Young Poisoner's Handbook, The (1995)",0.17642439209652955
"NeverEnding Story III, The (1994)",0.02144155819062303
Rob Roy (1995),0.534758018909874
Die Hard: With a Vengeance (1995),0.6140082572769322
Lord of Illusions (1995),0.06064588478318202
Species (1995),0.09648208942778959
"Walk in the Clouds, A (1995)",0.57307437345847
Waterworld (1995),0.4327296289380284
White Man's Burden (1995),0.5375430696691134
Wild Bill (1995),0.022053049012066193
Farinelli: il castrato (1994),0.3937449776823502
Heavenly Creatures (1994),0.5697719368146871
Interview with the Vampire (1994),0.4229834661241088
"Kid in King Arthur's Court, A (1995)",0.40288960025145837
Mary Shelley's Frankenstein (1994),0.4229834661241088
"Quick and the Dead, The (1995)",0.3660545962775923
Stephen King's The Langoliers (1995),0.06064588478318202
Tales from the Hood (1995),0.32747107054769714
Village of the Damned (1995),0.35476032642667193
Clear and Present Danger (1994),0.6079689381653924
Wes Craven's New Nightmare (1994),0.06064588478318202
Speed (1994),0.6588982732996661
Wolf (1994),0.4229834661241088
Wyatt Earp (1994),0.022053049012066193
Another Stakeout (1993),0.596465164211877
Blown Away (1994),0.6140082572769322
Body Snatchers (1993),0.34536455387929355
Boxing Helena (1993),0.445631682424895
City Slickers II: The Legend of Curly's Gold (1994),0.3001818146687224
Cliffhanger (1993),0.4551809327625713
Coneheads (1993),0.35281109386388804
Demolition Man (1993),0.3703541869289433
Fatal Instinct (1993),0.40246814447020796
"Englishman Who Went Up a Hill, But Came Down a Mountain, The (1995)",0.4775619778820584
Kalifornia (1993),0.6919775597882887
"Piano, The (1993)",0.57307437345847
Romeo Is Bleeding (1993),0.4366280940635962
"Secret Garden, The (1993)",0.39569421024513407
Son in Law (1993),0.40246814447020796
Terminal Velocity (1994),0.42727782460878244
"Hour of the Pig, The (1993)",0.4210342335613249
Beauty and the Beast (1991),0.04297162651954344
"Wild Bunch, The (1969)",0.022053049012066193
Hellraiser: Bloodline (1996),0.3374068452645633
Primal Fear (1996),0.6919775597882887
True Crime (1995),0.35281109386388804
Stalingrad (1993),0.11577850731334749
Heavy (1995),0.57307437345847
"Fan, The (1996)",0.4410609802413238
"Hunchback of Notre Dame, The (1996)",0.04297162651954344
Eraser (1996),0.6140082572769322
"Big Squeeze, The (1996)",0.6646883039093139
Police Story 4: Project S (Chao ji ji hua) (1993),0.42727782460878244
Daniel Defoe's Robinson Crusoe (1996),0.022053049012066193
For Whom the Bell Tolls (1943),0.21246634934344638
"American in Paris, An (1951)",0.20661865165509466
Rear Window (1954),0.35281109386388804
It Happened One Night (1934),0.40246814447020796
Meet Me in St. Louis (1944),0.01929641788555792
All About Eve (1950),0.5375430696691134
Rebecca (1940),0.5048512337610331
Spellbound (1945),0.445631682424895
Father of the Bride (1950),0.40246814447020796
Gigi (1958),0.01929641788555792
Laura (1944),0.13528104645041455
Lost Horizon (1937),0.5375430696691134
My Man Godfrey (1936),0.40246814447020796
Giant (1956),0.5375430696691134
"39 Steps, The (1935)",0.4410609802413238
Night of the Living Dead (1968),0.11110625607868298
"Blue Angel, The (Blaue Engel, Der) (1930)",0.5375430696691134
Picnic (1955),0.5375430696691134
Extreme Measures (1996),0.6919775597882887
"Chamber, The (1996)",0.5375430696691134
"Davy Crockett, King of the Wild Frontier (1955)",0.022053049012066193
Swiss Family Robinson (1960),0.14619244220879338
Angels in the Outfield (1994),0.3001818146687224
"Three Caballeros, The (1945)",0.04297162651954344
"Sword in the Stone, The (1963)",0.03898465125567824
So Dear to My Heart (1949),0.39569421024513407
Robin Hood: Prince of Thieves (1991),0.5375430696691134
Sleepers (1996),0.5048512337610331
Victor/Victoria (1982),0.2982325821059385
"Great Race, The (1965)",0.2982325821059385
"Crying Game, The (1992)",0.6767529415577812
Sophie's Choice (1982),0.5375430696691134
"Christmas Carol, A (1938)",0.5375430696691134
Microcosmos: Le peuple de l'herbe (1996),0.0
"Fog, The (1980)",0.06064588478318202
Escape from New York (1981),0.574757589876975
"Howling, The (1981)",0.32747107054769714
"Return of Martin Guerre, The (Retour de Martin Guerre, Le) (1982)",0.5375430696691134
"Tin Drum, The (Blechtrommel, Die) (1979)",0.5375430696691134
"Cook the Thief His Wife & Her Lover, The (1989)",0.5375430696691134
Paths of Glory (1957),0.46196811737978705
"Grifters, The (1990)",0.4122093062430278
The Innocent (1994),0.57307437345847
"Thin Blue Line, The (1988)",0.0
Paris Is Burning (1990),0.0
Once Upon a Time in the West (1969),0.022053049012066193
Ran (1985),0.46196811737978705
"Quiet Man, The (1952)",0.4775619778820584
Once Upon a Time in America (1984),0.6668559819143963
"Seventh Seal, The (Sjunde inseglet, Det) (1957)",0.5375430696691134
Glory (1989),0.6238843553948529
Rosencrantz and Guildenstern Are Dead (1990),0.6646883039093139
Touch of Evil (1958),0.35650534593991595
Chinatown (1974),0.28806905185323567
Stand by Me (1986),0.6493490229619897
M (1931),0.35650534593991595
"Manchurian Candidate, The (1962)",0.31187721004542585
Pump Up the Volume (1990),0.5375430696691134
Arsenic and Old Lace (1944),0.5204341434033595
Fried Green Tomatoes (1991),0.5375430696691134
High Noon (1952),0.022053049012066193
Somewhere in Time (1980),0.57307437345847
Being There (1979),0.40246814447020796
"Paris, Texas (1984)",0.5375430696691134
Alien 3 (1992),0.5127333895305389
Blood For Dracula (Andy Warhol's Dracula) (1974),0.06064588478318202
Audrey Rose (1977),0.06064588478318202
Blood Beach (1981),0.3450141636127524
Body Parts (1991),0.06064588478318202
Body Snatchers (1993),0.34536455387929355
Bride of Frankenstein (1935),0.06064588478318202
Candyman (1992),0.06064588478318202
Cape Fear (1962),0.31187721004542585
Cat People (1982),0.06064588478318202
"Nosferatu (Nosferatu, eine Symphonie des Grauens) (1922)",0.06064588478318202
"Crucible, The (1996)",0.5375430696691134
Fire on the Mountain (1996),0.0
Volcano (1997),0.6919775597882887
Conan the Barbarian (1981),0.4327296289380284
Kull the Conqueror (1997),0.4327296289380284
Wishmaster (1997),0.06064588478318202
I Know What You Did Last Summer (1997),0.32308296975804884
Rocket Man (1997),0.40246814447020796
In the Line of Fire (1993),0.6140082572769322
Executive Decision (1996),0.6140082572769322
"Perfect World, A (1993)",0.6822313969743691
McHale's Navy (1997),0.3664557218033754
Leave It to Beaver (1997),0.40246814447020796
"Jackal, The (1997)",0.6140082572769322
Seven Years in Tibet (1997),0.46196811737978705
Dark City (1998),0.31035063597448037
"American President, The (1995)",0.7002783580962635
Casino (1995),0.5375430696691134
Persuasion (1995),0.2729064815243191
Kicking and Screaming (1995),0.6646883039093139
City Hall (1996),0.6919775597882887
"Basketball Diaries, The (1995)",0.5375430696691134
"Browning Version, The (1994)",0.5375430696691134
Little Women (1994),0.5375430696691134
Miami Rhapsody (1995),0.40246814447020796
"Wonderful, Horrible Life of Leni Riefenstahl, The (1993)",0.0
Barcelona (1994),0.4775619778820584
Widows' Peak (1994),0.5375430696691134
"House of the Spirits, The (1993)",0.57307437345847
Singin' in the Rain (1952),0.20661865165509466
Bad Moon (1996),0.06064588478318202
Enchanted April (1991),0.5375430696691134
"Sex, Lies, and Videotape (1989)",0.5375430696691134
Strictly Ballroom (1992),0.4775619778820584
Better Off Dead... (1985),0.40246814447020796
"Substance of Fire, The (1996)",0.5375430696691134
Tin Men (1987),0.6646883039093139
Othello (1995),0.5375430696691134
Carrington (1995),0.57307437345847
To Die For (1995),0.6646883039093139
Home for the Holidays (1995),0.57307437345847
"Juror, The (1996)",0.6919775597882887
In the Bleak Midwinter (1995),0.40246814447020796
Canadian Bacon (1994),0.3664557218033754
First Knight (1995),0.7112108306391347
Mallrats (1995),0.40246814447020796
Nine Months (1995),0.40246814447020796
Boys on the Side (1995),0.6646883039093139
Circle of Friends (1995),0.57307437345847
Exit to Eden (1994),0.40246814447020796
Fluke (1995),0.39569421024513407
Immortal Beloved (1994),0.57307437345847
Junior (1994),0.35281109386388804
Nell (1994),0.5375430696691134
"Queen Margot (Reine Margot, La) (1994)",0.57307437345847
"Corrina, Corrina (1994)",0.7002783580962635
Dave (1993),0.4775619778820584
Go Fish (1994),0.57307437345847
Made in America (1993),0.40246814447020796
Philadelphia (1993),0.5375430696691134
Shadowlands (1993),0.57307437345847
Sirens (1994),0.6646883039093139
Threesome (1994),0.4775619778820584
Pretty Woman (1990),0.4775619778820584
Jane Eyre (1996),0.57307437345847
"Last Supper, The (1995)",0.6919775597882887
Ransom (1996),0.6919775597882887
"Crow: City of Angels, The (1996)",0.6140082572769322
Michael Collins (1996),0.46196811737978705
"Ruling Class, The (1972)",0.40246814447020796
Real Genius (1985),0.40246814447020796
Benny & Joon (1993),0.4775619778820584
"Saint, The (1997)",0.6588982732996661
"MatchMaker, The (1997)",0.4775619778820584
Amistad (1997),0.5375430696691134
Tomorrow Never Dies (1997),0.6588982732996661
"Replacement Killers, The (1998)",0.6140082572769322
Burnt By the Sun (1994),0.5375430696691134
Red Corner (1997),0.4366280940635962
Jumanji (1995),0.3303911819041677
Father of the Bride Part II (1995),0.40246814447020796
Across the Sea of Time (1995),0.0
Lawnmower Man 2: Beyond Cyberspace (1996),0.3801003497428628
Fair Game (1995),0.42727782460878244
Screamers (1995),0.09648208942778959
Nick of Time (1995),0.6140082572769322
Beautiful Girls (1996),0.5375430696691134
Happy Gilmore (1996),0.40246814447020796
If Lucy Fell (1996),0.4775619778820584
Boomerang (1992),0.4775619778820584
Man of the Year (1995),0.0
"Addiction, The (1995)",0.06064588478318202
Casper (1995),0.14619244220879338
Congo (1995),0.38317172658465004
Devil in a Blue Dress (1995),0.3376873129972635
Johnny Mnemonic (1995),0.5570396030311187
Kids (1995),0.5375430696691134
Mute Witness (1994),0.4410609802413238
"Prophecy, The (1995)",0.06064588478318202
Something to Talk About (1995),0.7002783580962635
Three Wishes (1995),0.5375430696691134
Castle Freak (1995),0.06064588478318202
Don Juan DeMarco (1995),0.7002783580962635
Drop Zone (1994),0.42727782460878244
Dumb & Dumber (1994),0.40246814447020796
French Kiss (1995),0.4775619778820584
Little Odessa (1994),0.5375430696691134
Milk Money (1994),0.4775619778820584
Beyond Bedlam (1993),0.4229834661241088
Only You (1994),0.4775619778820584
"Perez Family, The (1995)",0.4775619778820584
Roommates (1995),0.6646883039093139
Relative Fear (1994),0.35476032642667193
Swimming with Sharks (1995),0.6646883039093139
Tommy Boy (1995),0.40246814447020796
"Baby-Sitters Club, The (1995)",0.022053049012066193
Bullets Over Broadway (1994),0.40246814447020796
Crooklyn (1994),0.40246814447020796
It Could Happen to You (1994),0.57307437345847
Richie Rich (1994),0.3001818146687224
Speechless (1994),0.4775619778820584
Timecop (1994),0.3703541869289433
Bad Company (1995),0.42727782460878244
Boys Life (1995),0.5375430696691134
In the Mouth of Madness (1995),0.35476032642667193
"Air Up There, The (1994)",0.40246814447020796
Hard Target (1993),0.614728741211345
Heaven & Earth (1993),0.6238843553948529
Jimmy Hollywood (1994),0.40246814447020796
Manhattan Murder Mystery (1993),0.32552183798491324
Menace II Society (1993),0.6588982732996661
Poetic Justice (1993),0.5375430696691134
"Program, The (1993)",0.6822313969743691
Rising Sun (1993),0.5904619792129858
"Shadow, The (1994)",0.42727782460878244
Thirty-Two Short Films About Glenn Gould (1993),0.0
Andre (1994),0.14619244220879338
"Celluloid Closet, The (1995)",0.0
"Great Day in Harlem, A (1994)",0.0
One Fine Day (1996),0.57307437345847
Candyman: Farewell to the Flesh (1995),0.06064588478318202
Frisk (1995),0.5375430696691134
Girl 6 (1996),0.40246814447020796
Eddie (1996),0.40246814447020796
Space Jam (1996),0.290941488542476
Mrs. Winterbourne (1996),0.4775619778820584
Faces (1968),0.5375430696691134
Mulholland Falls (1996),0.35650534593991595
"Great White Hype, The (1996)",0.40246814447020796
"Arrival, The (1996)",0.5570396030311187
"Phantom, The (1996)",0.18469428547605435
Daylight (1996),0.6079689381653924
Alaska (1996),0.14619244220879338
Fled (1996),0.4327296289380284
Power 98 (1995),0.534758018909874
Escape from L.A. (1996),0.574757589876975
Bogus (1996),0.32785759492688693
Bulletproof (1996),0.42727782460878244
Halloween: The Curse of Michael Myers (1995),0.35476032642667193
"Gay Divorcee, The (1934)",0.40106851418240547
Ninotchka (1939),0.4775619778820584
Meet John Doe (1941),0.5375430696691134
In the Line of Duty 2 (1987),0.42727782460878244
Loch Ness (1995),0.35476032642667193
Last Man Standing (1996),0.5697719368146871
"Glimmer Man, The (1996)",0.6140082572769322
Pollyanna (1960),0.5554480613081726
"Shaggy Dog, The (1959)",0.3001818146687224
Freeway (1996),0.17642439209652955
That Thing You Do! (1996),0.40246814447020796
To Gillian on Her 37th Birthday (1996),0.57307437345847
Looking for Richard (1996),0.3801003497428628
"Murder, My Sweet (1944)",0.31187721004542585
Days of Thunder (1990),0.49510507094711365
"Perfect Candidate, A (1996)",0.0
Two or Three Things I Know About Her (1966),0.5375430696691134
"Bloody Child, The (1996)",0.6919775597882887
Braindead (1992),0.32747107054769714
Bad Taste (1987),0.32747107054769714
Diva (1981),0.7766658380583046
Night on Earth (1991),0.6646883039093139
Paris Was a Woman (1995),0.0
Amityville: Dollhouse (1996),0.06064588478318202
April Fool's Day (1986),0.32747107054769714
"Believers, The (1987)",0.35476032642667193
Nosferatu a Venezia (1986),0.06064588478318202
Jingle All the Way (1996),0.35173072077107775
"Garden of Finzi-Contini, The (Giardino dei Finzi-Contini, Il) (1970)",0.5375430696691134
My Fellow Americans (1996),0.40246814447020796
"Ice Storm, The (1997)",0.5375430696691134
Michael (1996),0.4775619778820584
"Whole Wide World, The (1996)",0.5375430696691134
Hearts and Minds (1996),0.5375430696691134
Fools Rush In (1997),0.4775619778820584
Touch (1997),0.2729064815243191
Vegas Vacation (1997),0.40246814447020796
Love Jones (1997),0.2729064815243191
Picture Perfect (1997),0.4775619778820584
Career Girls (1997),0.5375430696691134
She's So Lovely (1997),0.57307437345847
Money Talks (1997),0.5867190013979574
Excess Baggage (1997),0.32357260542212934
That Darn Cat! (1997),0.27851980151555933
"Peacemaker, The (1997)",0.568180395091741
Soul Food (1997),0.5375430696691134
Money Talks (1997),0.5867190013979574
Washington Square (1997),0.5375430696691134
Telling Lies in America (1997),0.5375430696691134
Year of the Horse (1997),0.0
Phantoms (1998),0.06064588478318202
"Life Less Ordinary, A (1997)",0.5048512337610331
Eve's Bayou (1997),0.5375430696691134
One Night Stand (1997),0.5375430696691134
"Tango Lesson, The (1997)",0.2729064815243191
Mortal Kombat: Annihilation (1997),0.4327296289380284
Bent (1997),0.46196811737978705
Flubber (1997),0.24987205050253036
For Richer or Poorer (1997),0.40246814447020796
Home Alone 3 (1997),0.3001818146687224
Scream 2 (1997),0.35476032642667193
"Sweet Hereafter, The (1997)",0.5375430696691134
Time Tracers (1995),0.40902622279713574
"Postman, The (1997)",0.5375430696691134
"Winter Guest, The (1997)",0.5375430696691134
Kundun (1997),0.5375430696691134
Mr. Magoo (1997),0.40246814447020796
"Big Lebowski, The (1998)",0.5389213852323675
Afterglow (1997),0.57307437345847
Ma vie en rose (My Life in Pink) (1997),0.6646883039093139
Great Expectations (1998),0.57307437345847
Oscar & Lucinda (1997),0.57307437345847
Vermin (1998),0.40246814447020796
Half Baked (1998),0.40246814447020796
Dangerous Beauty (1998),0.5375430696691134
Nil By Mouth (1997),0.5375430696691134
Twilight (1998),0.5048512337610331
U.S. Marshalls (1998),0.6140082572769322
Love and Death on Long Island (1997),0.40246814447020796
Wild Things (1998),0.6064588478318202
Primary Colors (1998),0.5375430696691134
Lost in Space (1998),0.5570396030311187
Mercury Rising (1998),0.8116862787024872
City of Angels (1998),0.2729064815243191
"City of Lost Children, The (1995)",0.198821721403959
Two Bits (1995),0.5375430696691134
Farewell My Concubine (1993),0.57307437345847
Dead Man (1995),0.022053049012066193
Raise the Red Lantern (1991),0.5375430696691134
White Squall (1996),0.5106989314493848
Unforgettable (1996),0.3801003497428628
Down Periscope (1996),0.40246814447020796
"Flower of My Secret, The (Flor de mi secreto, La) (1995)",0.5375430696691134
"Craft, The (1996)",0.4229834661241088
Harriet the Spy (1996),0.3001818146687224
Chain Reaction (1996),0.6079689381653924
"Island of Dr. Moreau, The (1996)",0.3801003497428628
First Kid (1996),0.3001818146687224
"Funeral, The (1996)",0.5375430696691134
"Preacher's Wife, The (1996)",0.5375430696691134
Paradise Road (1997),0.46196811737978705
Brassed Off (1996),0.7002783580962635
"Thousand Acres, A (1997)",0.5375430696691134
"Smile Like Yours, A (1997)",0.4775619778820584
Murder in the First (1995),0.6919775597882887
Airheads (1994),0.40246814447020796
With Honors (1994),0.6646883039093139
What's Love Got to Do with It (1993),0.5375430696691134
Killing Zoe (1994),0.4410609802413238
Renaissance Man (1994),0.6095604798883384
Charade (1963),0.5871624299462623
"Fox and the Hound, The (1981)",0.03898465125567824
"Big Blue, The (Grand bleu, Le) (1988)",0.32357260542212934
Booty Call (1997),0.4775619778820584
How to Make an American Quilt (1995),0.57307437345847
Georgia (1995),0.5375430696691134
"Indian in the Cupboard, The (1995)",0.12414025438979216
Blue in the Face (1995),0.40246814447020796
Unstrung Heroes (1995),0.6646883039093139
Unzipped (1995),0.0
Before Sunrise (1995),0.57307437345847
Nobody's Fool (1994),0.5375430696691134
Pushing Hands (1992),0.40246814447020796
To Live (Huozhe) (1994),0.5375430696691134
Dazed and Confused (1993),0.40246814447020796
Naked (1993),0.5375430696691134
Orlando (1993),0.5375430696691134
Ruby in Paradise (1993),0.5375430696691134
Some Folks Call It a Sling Blade (1993),0.6919775597882887
"Month by the Lake, A (1995)",0.6646883039093139
Funny Face (1957),0.2982325821059385
"Affair to Remember, An (1957)",0.2729064815243191
Little Lord Fauntleroy (1936),0.5375430696691134
"Inspector General, The (1949)",0.01929641788555792
Winnie the Pooh and the Blustery Day (1968),0.03898465125567824
Hear My Song (1991),0.40246814447020796
Mediterraneo (1991),0.3664557218033754
Passion Fish (1992),0.5375430696691134
Grateful Dead (1995),0.0
Eye for an Eye (1996),0.6919775597882887
Fear (1996),0.4410609802413238
Solo (1996),0.5570396030311187
"Substitute, The (1996)",0.42727782460878244
Heaven's Prisoners (1996),0.35281109386388804
"Trigger Effect, The (1996)",0.6919775597882887
Mother Night (1996),0.5375430696691134
Dangerous Ground (1997),0.5375430696691134
Maximum Risk (1996),0.6079689381653924
"Rich Man's Wife, The (1996)",0.4410609802413238
Shadow Conspiracy (1997),0.4410609802413238
Blood & Wine (1997),0.5375430696691134
Turbulence (1997),0.4410609802413238
Underworld (1997),0.4410609802413238
"Beautician and the Beast, The (1997)",0.4775619778820584
Cats Don't Dance (1997),0.04297162651954344
Anna Karenina (1997),0.57307437345847
Keys to Tulsa (1997),0.17642439209652955
Head Above Water (1996),0.596465164211877
Hercules (1997),0.29587270021268747
"Last Time I Committed Suicide, The (1997)",0.5375430696691134
"Kiss Me, Guido (1997)",0.40246814447020796
"Big Green, The (1995)",0.3001818146687224
Stuart Saves His Family (1995),0.40246814447020796
Cabin Boy (1994),0.40246814447020796
Clean Slate (1994),0.40246814447020796
Lightning Jack (1994),0.3001818146687224
"Stupids, The (1996)",0.40246814447020796
"Pest, The (1997)",0.40246814447020796
That Darn Cat! (1997),0.27851980151555933
Geronimo: An American Legend (1993),0.39569421024513407
"Double vie de Véronique, La (Double Life of Veronique, The) (1991)",0.5375430696691134
Until the End of the World (Bis ans Ende der Welt) (1991),0.4483234894402997
Waiting for Guffman (1996),0.40246814447020796
I Shot Andy Warhol (1996),0.5375430696691134
Stealing Beauty (1996),0.5375430696691134
Basquiat (1996),0.5375430696691134
2 Days in the Valley (1996),0.17642439209652955
Private Parts (1997),0.6646883039093139
Anaconda (1997),0.6079689381653924
Romy and Michele's High School Reunion (1997),0.40246814447020796
Shiloh (1997),0.39569421024513407
Con Air (1997),0.6079689381653924
Trees Lounge (1996),0.5375430696691134
Tie Me Up! Tie Me Down! (1990),0.5375430696691134
"Die xue shuang xiong (Killer, The) (1989)",0.6140082572769322
Gaslight (1944),0.35281109386388804
8 1/2 (1963),0.5375430696691134
"Fast, Cheap & Out of Control (1997)",0.0
Fathers' Day (1997),0.40246814447020796
Mrs. Dalloway (1997),0.2729064815243191
Fire Down Below (1997),0.8116862787024872
"Lay of the Land, The (1997)",0.6646883039093139
"Shooter, The (1995)",0.42727782460878244
Grumpier Old Men (1995),0.4775619778820584
Jury Duty (1995),0.40246814447020796
"Beverly Hillbillies, The (1993)",0.40246814447020796
Lassie (1994),0.14619244220879338
Little Big League (1994),0.3001818146687224
Homeward Bound II: Lost in San Francisco (1996),0.14619244220879338
"Quest, The (1996)",0.4327296289380284
Cool Runnings (1993),0.40246814447020796
Drop Dead Fred (1991),0.29043565185480286
Grease 2 (1982),0.40106851418240547
Switchback (1997),0.4410609802413238
Hamlet (1996),0.5375430696691134
Two if by Sea (1996),0.4775619778820584
Forget Paris (1995),0.4775619778820584
Just Cause (1995),0.35281109386388804
Rent-a-Kid (1995),0.40246814447020796
"Paper, The (1994)",0.6646883039093139
Fearless (1993),0.5375430696691134
Malice (1993),0.4410609802413238
Multiplicity (1996),0.40246814447020796
She's the One (1996),0.4775619778820584
House Arrest (1996),0.40246814447020796
"Ghost and Mrs. Muir, The (1947)",0.57307437345847
"Associate, The (1996)",0.40246814447020796
Dracula: Dead and Loving It (1995),0.32747107054769714
Now and Then (1995),0.5375430696691134
Mr. Wrong (1996),0.40246814447020796
"Simple Twist of Fate, A (1994)",0.5375430696691134
Cronos (1992),0.06064588478318202
"Pallbearer, The (1996)",0.40246814447020796
"War, The (1994)",0.5106989314493848
Don't Be a Menace to South Central While Drinking Your Juice in the Hood (1996),0.40246814447020796
"Adventures of Pinocchio, The (1996)",0.14619244220879338
"Evening Star, The (1996)",0.6646883039093139
Four Days in September (1997),0.5375430696691134
"Little Princess, A (1995)",0.39569421024513407
Crossfire (1947),0.12475088401817037
Koyaanisqatsi (1983),0.08186776763692429
Balto (1995),0.03898465125567824
Bottle Rocket (1996),0.40246814447020796
"Star Maker, The (Uomo delle stelle, L') (1995)",0.5375430696691134
Amateur (1994),0.6668559819143963
Living in Oblivion (1995),0.40246814447020796
Party Girl (1995),0.40246814447020796
"Pyromaniac's Love Story, A (1995)",0.4775619778820584
Shallow Grave (1994),0.4410609802413238
Reality Bites (1994),0.6646883039093139
"Man of No Importance, A (1994)",0.5375430696691134
"Pagemaster, The (1994)",0.3020367148004518
Love and a .45 (1994),0.4410609802413238
Oliver & Company (1988),0.03898465125567824
Joe's Apartment (1996),0.2982325821059385
Celestial Clockwork (1994),0.40246814447020796
Curdled (1996),0.17642439209652955
Female Perversions (1996),0.5375430696691134
Albino Alligator (1996),0.4366280940635962
Anne Frank Remembered (1995),0.0
Carried Away (1996),0.57307437345847
It's My Party (1995),0.5375430696691134
Bloodsport 2 (1995),0.42727782460878244
Double Team (1997),0.42727782460878244
Speed 2: Cruise Control (1997),0.6588982732996661
Sliver (1993),0.4410609802413238
Pete's Dragon (1977),0.12956166294588886
Dear God (1996),0.40246814447020796
Live Nude Girls (1995),0.40246814447020796
"Thin Line Between Love and Hate, A (1996)",0.40246814447020796
High School High (1996),0.40246814447020796
Commandments (1997),0.2729064815243191
"Hate (Haine, La) (1995)",0.5375430696691134
Flirting With Disaster (1996),0.40246814447020796
"Red Firecracker, Green Firecracker (1994)",0.5375430696691134
What Happened Was... (1994),0.7002783580962635
Six Degrees of Separation (1993),0.4210342335613249
Two Much (1996),0.4775619778820584
Trust (1990),0.6646883039093139
C'est arrivé près de chez vous (1992),0.6445743977931516
Firestorm (1998),0.6079689381653924
"Newton Boys, The (1998)",0.5048512337610331
Beyond Rangoon (1995),0.5375430696691134
Feast of July (1995),0.5375430696691134
Death and the Maiden (1994),0.6919775597882887
Tank Girl (1995),0.4727622381961689
Double Happiness (1994),0.5375430696691134
Cobb (1994),0.5375430696691134
Mrs. Parker and the Vicious Circle (1994),0.5375430696691134
Faithful (1996),0.40246814447020796
Twelfth Night (1996),0.7002783580962635
"Mark of Zorro, The (1940)",0.18469428547605435
Surviving Picasso (1996),0.5375430696691134
Up in Smoke (1978),0.40246814447020796
Some Kind of Wonderful (1987),0.57307437345847
I'm Not Rappaport (1996),0.40246814447020796
"Umbrellas of Cherbourg, The (Parapluies de Cherbourg, Les) (1964)",0.3937449776823502
They Made Me a Criminal (1939),0.5048512337610331
"Last Time I Saw Paris, The (1954)",0.5375430696691134
"Farewell to Arms, A (1932)",0.27484179135253156
"Innocents, The (1961)",0.4410609802413238
"Old Man and the Sea, The (1958)",0.5106989314493848
"Truman Show, The (1998)",0.5375430696691134
Heidi Fleiss: Hollywood Madam (1995) ,0.0
Chungking Express (1994),0.5013356427280068
Jupiter's Wife (1994),0.0
Safe (1995),0.4410609802413238
Feeling Minnesota (1996),0.57307437345847
Escape to Witch Mountain (1975),0.12414025438979216
Get on the Bus (1996),0.5375430696691134
"Doors, The (1991)",0.3937449776823502
Ghosts of Mississippi (1996),0.5375430696691134
Beautiful Thing (1996),0.57307437345847
Best Men (1997),0.7718567154223167
Hackers (1995),0.6031943129965542
"Road to Wellville, The (1994)",0.40246814447020796
"War Room, The (1993)",0.0
When We Were Kings (1996),0.0
Hard Eight (1996),0.4366280940635962
"Quiet Room, The (1996)",0.5375430696691134
Blue Chips (1994),0.5375430696691134
Calendar Girl (1993),0.5375430696691134
My Family (1995),0.5375430696691134
Tom & Viv (1994),0.5375430696691134
Walkabout (1971),0.5375430696691134
Last Dance (1996),0.5375430696691134
Original Gangstas (1996),0.17642439209652955
In Love and War (1996),0.27484179135253156
Backbeat (1993),0.3937449776823502
Alphaville (1965),0.09648208942778959
"Rendezvous in Paris (Rendez-vous de Paris, Les) (1995)",0.4775619778820584
Cyclo (1995),0.5048512337610331
"Relic, The (1997)",0.06064588478318202
"Fille seule, La (A Single Girl) (1995)",0.5375430696691134
Stalker (1979),0.10915702351589907
Love! Valour! Compassion! (1997),0.57307437345847
Palookaville (1996),0.6822313969743691
Phat Beach (1996),0.40246814447020796
"Portrait of a Lady, The (1996)",0.5375430696691134
Zeus and Roxanne (1997),0.022053049012066193
Big Bully (1996),0.6646883039093139
Love & Human Remains (1993),0.40246814447020796
"Sum of Us, The (1994)",0.40246814447020796
Little Buddha (1993),0.5375430696691134
Fresh (1994),0.5375430696691134
Spanking the Monkey (1994),0.6646883039093139
Wild Reeds (1994),0.5375430696691134
"Women, The (1939)",0.40246814447020796
Bliss (1997),0.57307437345847
Caught (1996),0.6919775597882887
Hugo Pool (1997),0.2729064815243191
Welcome To Sarajevo (1997),0.46196811737978705
Dunston Checks In (1996),0.40246814447020796
Major Payne (1994),0.40246814447020796
Man of the House (1995),0.40246814447020796
I Love Trouble (1994),0.5867190013979574
"Low Down Dirty Shame, A (1994)",0.5867190013979574
Cops and Robbersons (1994),0.40246814447020796
"Cowboy Way, The (1994)",0.5867190013979574
"Endless Summer 2, The (1994)",0.0
In the Army Now (1994),0.3664557218033754
"Inkwell, The (1994)",0.6646883039093139
Switchblade Sisters (1975),0.17642439209652955
Young Guns II (1990),0.4917863923903305
Prefontaine (1997),0.5375430696691134
That Old Feeling (1997),0.4775619778820584
"Letter From Death Row, A (1998)",0.5048512337610331
"Boys of St. Vincent, The (1993)",0.5375430696691134
Before the Rain (Pred dozhdot) (1994),0.5375430696691134
Once Were Warriors (1994),0.5048512337610331
Strawberry and Chocolate (Fresa y chocolate) (1993),0.5375430696691134
"Savage Nights (Nuits fauves, Les) (1992)",0.5375430696691134
"Family Thing, A (1996)",0.6646883039093139
Purple Noon (1960),0.4366280940635962
Cemetery Man (Dellamorte Dellamore) (1994),0.32747107054769714
Kim (1950),0.39569421024513407
Marlene Dietrich: Shadow and Light (1996) ,0.0
"Maybe, Maybe Not (Bewegte Mann, Der) (1994)",0.40246814447020796
Top Hat (1935),0.40106851418240547
To Be or Not to Be (1942),0.6095604798883384
"Secret Agent, The (1996)",0.5375430696691134
Amos & Andrew (1993),0.40246814447020796
Jade (1995),0.4410609802413238
Kiss of Death (1995),0.6668559819143963
Mixed Nuts (1994),0.40246814447020796
Virtuosity (1995),0.3801003497428628
Blue Sky (1994),0.57307437345847
Flesh and Bone (1993),0.5013356427280068
Guilty as Sin (1993),0.6668559819143963
In the Realm of the Senses (Ai no corrida) (1976),0.5375430696691134
Barb Wire (1996),0.3703541869289433
Kissed (1996),0.2729064815243191
Assassins (1995),0.4410609802413238
Friday (1995),0.40246814447020796
"Goofy Movie, A (1995)",0.36525362426234625
Higher Learning (1995),0.5375430696691134
When a Man Loves a Woman (1994),0.5375430696691134
Judgment Night (1993),0.42727782460878244
King of the Hill (1993),0.5375430696691134
"Scout, The (1994)",0.5375430696691134
Angus (1995),0.40246814447020796
Night Falls on Manhattan (1997),0.5048512337610331
"Awfully Big Adventure, An (1995)",0.5375430696691134
Under Siege 2: Dark Territory (1995),0.42727782460878244
Poison Ivy II (1995),0.6919775597882887
Ready to Wear (Pret-A-Porter) (1994),0.40246814447020796
Marked for Death (1990),0.6822313969743691
Madonna: Truth or Dare (1991),0.0
Nénette et Boni (1996),0.5375430696691134
Chairman of the Board (1998),0.40246814447020796
"Big Bang Theory, The (1994)",0.17642439209652955
"Other Voices, Other Rooms (1997)",0.5375430696691134
Twisted (1996),0.6646883039093139
Full Speed (1996),0.5375430696691134
Cutthroat Island (1995),0.5108848930656832
Ghost in the Shell (Kokaku kidotai) (1995),0.09161393045084386
"Van, The (1996)",0.6646883039093139
"Old Lady Who Walked in the Sea, The (Vieille qui marchait dans la mer, La) (1991)",0.40246814447020796
Night Flier (1997),0.06064588478318202
Metro (1997),0.42727782460878244
Gridlock'd (1997),0.17642439209652955
Bushwhacked (1995),0.40246814447020796
Bad Girls (1994),0.022053049012066193
Blink (1994),0.4410609802413238
For Love or Money (1993),0.40246814447020796
Best of the Best 3: No Turning Back (1995),0.42727782460878244
A Chef in Love (1996),0.40246814447020796
"Contempt (Mépris, Le) (1963)",0.5375430696691134
"Tie That Binds, The (1995)",0.4410609802413238
Gone Fishin' (1997),0.40246814447020796
Broken English (1996),0.5375430696691134
"Designated Mourner, The (1997)",0.5375430696691134
"Designated Mourner, The (1997)",0.5375430696691134
Trial and Error (1997),0.4775619778820584
Pie in the Sky (1995),0.4775619778820584
Total Eclipse (1995),0.5375430696691134
"Run of the Country, The (1995)",0.5375430696691134
Walking and Talking (1996),0.2729064815243191
Foxfire (1996),0.5375430696691134
Nothing to Lose (1994),0.5375430696691134
Star Maps (1997),0.5375430696691134
Bread and Chocolate (Pane e cioccolata) (1973),0.5375430696691134
Clockers (1995),0.5375430696691134
Bitter Moon (1992),0.5375430696691134
Love in the Afternoon (1957),0.4775619778820584
Life with Mikey (1993),0.40246814447020796
North (1994),0.40246814447020796
Talking About Sex (1994),0.6646883039093139
Color of Night (1994),0.6919775597882887
Robocop 3 (1993),0.3801003497428628
Killer (Bulletproof Heart) (1994),0.4410609802413238
Sunset Park (1996),0.5375430696691134
Set It Off (1996),0.4268819312496767
Selena (1997),0.3937449776823502
Wild America (1997),0.14619244220879338
Gang Related (1997),0.17642439209652955
Manny & Lo (1996),0.5375430696691134
"Grass Harp, The (1995)",0.5375430696691134
Out to Sea (1997),0.40246814447020796
Before and After (1996),0.4210342335613249
Princess Caraboo (1994),0.5375430696691134
Shall We Dance? (1937),0.40106851418240547
Ed (1996),0.40246814447020796
Denise Calls Up (1995),0.40246814447020796
Jack and Sarah (1995),0.2729064815243191
Country Life (1994),0.57307437345847
Celtic Pride (1996),0.40246814447020796
"Simple Wish, A (1997)",0.02144155819062303
Star Kid (1997),0.15574965864771748
Ayn Rand: A Sense of Life (1997),0.0
Kicked in the Head (1997),0.6646883039093139
Indian Summer (1996),0.6646883039093139
Love Affair (1994),0.57307437345847
"Band Wagon, The (1953)",0.2982325821059385
Penny Serenade (1941),0.57307437345847
'Til There Was You (1997),0.57307437345847
Stripes (1981),0.40246814447020796
Late Bloomers (1996),0.40246814447020796
"Getaway, The (1994)",0.42727782460878244
New York Cop (1996),0.4268819312496767
National Lampoon's Senior Trip (1995),0.40246814447020796
Delta of Venus (1994),0.5375430696691134
Carmen Miranda: Bananas Is My Business (1994),0.0
Babyfever (1994),0.6646883039093139
"Very Natural Thing, A (1974)",0.5375430696691134
"Walk in the Sun, A (1945)",0.5375430696691134
Waiting to Exhale (1995),0.6646883039093139
"Pompatus of Love, The (1996)",0.6646883039093139
Palmetto (1998),0.28806905185323567
Surviving the Game (1994),0.6079689381653924
Inventing the Abbotts (1997),0.57307437345847
"Horse Whisperer, The (1998)",0.5375430696691134
"Journey of August King, The (1995)",0.5375430696691134
Catwalk (1995),0.0
"Neon Bible, The (1995)",0.5375430696691134
Homage (1995),0.5375430696691134
Open Season (1996),0.40246814447020796
Metisse (Café au Lait) (1993),0.40246814447020796
"Wooden Man's Bride, The (Wu Kui) (1994)",0.5375430696691134
Loaded (1994),0.6919775597882887
August (1996),0.5375430696691134
Boys (1996),0.5375430696691134
Captives (1994),0.5375430696691134
Of Love and Shadows (1994),0.5375430696691134
"Low Life, The (1994)",0.5375430696691134
An Unforgettable Summer (1994),0.5375430696691134
"Last Klezmer: Leopold Kozlowski, His Life and Music, The (1995)",0.0
My Life and Times With Antonin Artaud (En compagnie d'Antonin Artaud) (1993),0.5375430696691134
Midnight Dancers (Sibak) (1994),0.6646883039093139
Somebody to Love (1994),0.5375430696691134
American Buffalo (1996),0.5375430696691134
Kazaam (1996),0.24987205050253036
Larger Than Life (1996),0.40246814447020796
Two Deaths (1995),0.5375430696691134
Stefano Quantestorie (1993),0.6646883039093139
"Crude Oasis, The (1995)",0.2729064815243191
Hedd Wyn (1992),0.5375430696691134
"Convent, The (Convento, O) (1995)",0.5375430696691134
Lotto Land (1995),0.5375430696691134
"Story of Xinghua, The (1993)",0.5375430696691134
"Day the Sun Turned Cold, The (Tianguo niezi) (1994)",0.5375430696691134
Dingo (1992),0.5375430696691134
"Ballad of Narayama, The (Narayama Bushiko) (1958)",0.5375430696691134
Every Other Weekend (1990),0.5375430696691134
Mille bolle blu (1993),0.40246814447020796
Crows and Sparrows (1949),0.5375430696691134
Lover's Knot (1996),0.40246814447020796
Shadow of Angels (Schatten der Engel) (1976),0.5375430696691134
1-900 (1994),0.2729064815243191
Venice/Venice (1992),0.5375430696691134
Infinity (1996),0.5375430696691134
Ed's Next Move (1996),0.40246814447020796
For the Moment (1994),0.27484179135253156
The Deadly Cure (1996),0.42727782460878244
Boys in Venice (1996),0.5375430696691134
"Sexual Life of the Belgians, The (1994)",0.40246814447020796
"Search for One-eye Jimmy, The (1996)",0.40246814447020796
American Strays (1996),0.42727782460878244
"Leopard Son, The (1996)",0.0
Bird of Prey (1996),0.42727782460878244
Johnny 100 Pesos (1993),0.6822313969743691
JLG/JLG - autoportrait de décembre (1994),0.3801003497428628
Faust (1994),0.03307957351809928
Mina Tannenbaum (1994),0.5375430696691134
"Forbidden Christ, The (Cristo proibito, Il) (1950)",0.5375430696691134
I Can't Sleep (J'ai pas sommeil) (1994),0.6919775597882887
"Machine, The (1994)",0.32747107054769714
"Stranger, The (1994)",0.42727782460878244
Good Morning (1971),0.0
Falling in Love Again (1980),0.40246814447020796
"Cement Garden, The (1993)",0.5375430696691134
Meet Wally Sparks (1997),0.40246814447020796
Hotel de Love (1996),0.4775619778820584
Rhyme & Reason (1997),0.0
Love and Other Catastrophes (1996),0.2729064815243191
Hollow Reed (1996),0.5375430696691134
Losing Chase (1996),0.5375430696691134
"Bonheur, Le (1965)",0.5375430696691134
"Second Jungle Book: Mowgli & Baloo, The (1997)",0.14619244220879338
Squeeze (1996),0.5375430696691134
Roseanna's Grave (For Roseanna) (1997),0.4775619778820584
Tetsuo II: Body Hammer (1992),0.09648208942778959
Fall (1997),0.2729064815243191
Gabbeh (1996),0.5375430696691134
Mondo (1996),0.5375430696691134
"Innocent Sleep, The (1995)",0.17642439209652955
For Ever Mozart (1996),0.5375430696691134
"Locusts, The (1997)",0.5375430696691134
Stag (1997),0.6140082572769322
Swept from the Sea (1997),0.2729064815243191
Hurricane Streets (1998),0.5375430696691134
Stonewall (1995),0.5375430696691134
Of Human Bondage (1934),0.5375430696691134
Anna (1996),0.5375430696691134
Stranger in the House (1997),0.4410609802413238
Picture Bride (1995),0.57307437345847
M. Butterfly (1993),0.5375430696691134
"Ciao, Professore! (1993)",0.5375430696691134
Caro Diario (Dear Diary) (1994),0.6646883039093139
Withnail and I (1987),0.40246814447020796
Boy's Life 2 (1997),0.5375430696691134
When Night Is Falling (1995),0.57307437345847
"Specialist, The (1994)",0.42727782460878244
Gordy (1995),0.40246814447020796
"Swan Princess, The (1994)",0.03898465125567824
Harlem (1993),0.5375430696691134
Barbarella (1968),0.198821721403959
Land Before Time III: The Time of the Great Giving (1995) (V),0.03898465125567824
Street Fighter (1994),0.42727782460878244
Coldblooded (1995),0.42727782460878244
"Next Karate Kid, The (1994)",0.31772490773377765
No Escape (1994),0.3703541869289433
"Turning, The (1992)",0.5375430696691134
"Joy Luck Club, The (1993)",0.5375430696691134
Highlander III: The Sorcerer (1994),0.3703541869289433
Gilligan's Island: The Movie (1998),0.40246814447020796
My Crazy Life (Mi vida loca) (1993),0.5375430696691134
Suture (1993),0.31187721004542585
"Walking Dead, The (1995)",0.46196811737978705
I Like It Like That (1994),0.7002783580962635
I'll Do Anything (1994),0.6646883039093139
Grace of My Heart (1996),0.6646883039093139
Drunks (1995),0.5375430696691134
SubUrbia (1997),0.40246814447020796
Sliding Doors (1998),0.57307437345847
Ill Gotten Gains (1997),0.5375430696691134
Legal Deceit (1997),0.4410609802413238
"Mighty, The (1998)",0.5375430696691134
Men of Means (1998),0.6822313969743691
Shooting Fish (1997),0.2729064815243191
"Steal Big, Steal Little (1995)",0.40246814447020796
Mr. Jones (1993),0.57307437345847
House Party 3 (1994),0.40246814447020796
Panther (1995),0.5375430696691134
Jason's Lyric (1994),0.5048512337610331
Above the Rim (1994),0.5375430696691134
Moonlight and Valentino (1995),0.57307437345847
"Scarlet Letter, The (1995)",0.5375430696691134
8 Seconds (1994),0.5375430696691134
That Darn Cat! (1965),0.27851980151555933
Ladybird Ladybird (1994),0.5375430696691134
"Bye Bye, Love (1995)",0.40246814447020796
Century (1993),0.5375430696691134
My Favorite Season (1993),0.5375430696691134
Pather Panchali (1955),0.5375430696691134
Golden Earrings (1947),0.32357260542212934
Foreign Correspondent (1940),0.4410609802413238
Lady of Burlesque (1943),0.32552183798491324
Angel on My Shoulder (1946),0.5048512337610331
Angel and the Badman (1947),0.022053049012066193
"Outlaw, The (1943)",0.022053049012066193
Beat the Devil (1954),0.6646883039093139
Love Is All There Is (1996),0.6646883039093139
"Damsel in Distress, A (1937)",0.40106851418240547
Madame Butterfly (1995),0.01929641788555792
Sleepover (1995),0.6646883039093139
Here Comes Cookie (1935),0.40246814447020796
"Thieves (Voleurs, Les) (1996)",0.5697719368146871
"Boys, Les (1997)",0.40246814447020796
"Stars Fell on Henrietta, The (1995)",0.5375430696691134
Last Summer in the Hamptons (1995),0.6646883039093139
Margaret's Museum (1995),0.5375430696691134
"Saint of Fort Washington, The (1993)",0.5375430696691134
"Cure, The (1995)",0.5375430696691134
Tom and Huck (1995),0.14619244220879338
Gumby: The Movie (1995),0.03898465125567824
Hideaway (1995),0.4410609802413238
"Visitors, The (Visiteurs, Les) (1993)",0.35281109386388804
"Little Princess, The (1939)",0.39569421024513407
Nina Takes a Lover (1994),0.4775619778820584
Bhaji on the Beach (1993),0.6646883039093139
Raw Deal (1948),0.0
Nightwatch (1997),0.35476032642667193
Dead Presidents (1995),0.6588982732996661
Reckless (1995),0.40246814447020796
Herbie Rides Again (1974),0.35173072077107775
S.F.W. (1994),0.5375430696691134
"Gate of Heavenly Peace, The (1995)",0.0
"Man in the Iron Mask, The (1998)",0.714602233602778
"Jerky Boys, The (1994)",0.5867190013979574
"Colonel Chabert, Le (1994)",0.534758018909874
Girl in the Cadillac (1995),0.5375430696691134
Even Cowgirls Get the Blues (1993),0.4775619778820584
Germinal (1993),0.5375430696691134
Chasers (1994),0.40246814447020796
Fausto (1993),0.40246814447020796
Tough and Deadly (1995),0.8116862787024872
Window to Paris (1994),0.40246814447020796
"Modern Affair, A (1995)",0.2729064815243191
"Mostro, Il (1994)",0.40246814447020796
Flirt (1995),0.5375430696691134
Carpool (1996),0.40933883818462147
"Line King: Al Hirschfeld, The (1996)",0.0
Farmer & Chase (1995),0.40246814447020796
Grosse Fatigue (1994),0.40246814447020796
Santa with Muscles (1996),0.40246814447020796
Prisoner of the Mountains (Kavkazsky Plennik) (1996),0.11577850731334749
Naked in New York (1994),0.4775619778820584
Gold Diggers: The Secret of Bear Mountain (1995),0.14619244220879338
"Bewegte Mann, Der (1994)",0.40246814447020796
Killer: A Journal of Murder (1995),0.5048512337610331
Nelly & Monsieur Arnaud (1995),0.5375430696691134
Three Lives and Only One Death (1996),0.40246814447020796
"Babysitter, The (1995)",0.6919775597882887
Getting Even with Dad (1994),0.40246814447020796
Mad Dog Time (1996),0.17642439209652955
Children of the Revolution (1996),0.40246814447020796
"World of Apu, The (Apur Sansar) (1959)",0.5375430696691134
Sprung (1997),0.40246814447020796
Dream With the Fishes (1997),0.5375430696691134
Wings of Courage (1995),0.32357260542212934
"Wedding Gift, The (1994)",0.5375430696691134
Race the Sun (1996),0.5375430696691134
Losing Isaiah (1995),0.5375430696691134
New Jersey Drive (1995),0.5048512337610331
"Fear, The (1995)",0.06064588478318202
Mr. Wonderful (1993),0.4775619778820584
Trial by Jury (1994),0.4410609802413238
"Good Man in Africa, A (1994)",0.4327296289380284
Kaspar Hauser (1993),0.5375430696691134
"Object of My Affection, The (1998)",0.4775619778820584
Witness (1985),0.7225599422175082
Senseless (1998),0.40246814447020796
Nowhere (1997),0.5375430696691134
Underground (1995),0.11577850731334749
Jefferson in Paris (1995),0.5375430696691134
Far From Home: The Adventures of Yellow Dog (1995),0.14619244220879338
Foreign Student (1994),0.5375430696691134
I Don't Want to Talk About It (De eso no se habla) (1993),0.5375430696691134
Twin Town (1997),0.40933883818462147
"Enfer, L' (1994)",0.5375430696691134
Aiqing wansui (1994),0.5375430696691134
Cosi (1996),0.40246814447020796
All Over Me (1997),0.5375430696691134
Being Human (1993),0.5375430696691134
"Amazing Panda Adventure, The (1995)",0.14619244220879338
"Beans of Egypt, Maine, The (1994)",0.5375430696691134
"Scarlet Letter, The (1926)",0.5375430696691134
Johns (1996),0.5375430696691134
It Takes Two (1995),0.40246814447020796
Frankie Starlight (1995),0.57307437345847
Shadows (Cienie) (1988),0.5375430696691134
"Show, The (1995)",0.0
The Courtyard (1995),0.6140082572769322
Dream Man (1995),0.4410609802413238
Destiny Turns on the Radio (1995),0.40246814447020796
"Glass Shield, The (1994)",0.5375430696691134
"Hunted, The (1995)",0.42727782460878244
"Underneath, The (1995)",0.35281109386388804
Safe Passage (1994),0.5375430696691134
"Secret Adventures of Tom Thumb, The (1993)",0.14619244220879338
Condition Red (1995),0.8116862787024872
Yankee Zulu (1994),0.6646883039093139
Aparajito (1956),0.5375430696691134
Hostile Intentions (1994),0.8116862787024872
Clean Slate (Coup de Torchon) (1981),0.17642439209652955
Tigrero: A Film That Was Never Made (1994),0.3801003497428628
"Eye of Vichy, The (Oeil de Vichy, L') (1993)",0.0
"Promise, The (Versprechen, Das) (1994)",0.2729064815243191
To Cross the Rubicon (1991),0.5375430696691134
Daens (1992),0.5375430696691134
"Man from Down Under, The (1943)",0.5375430696691134
Careful (1992),0.40246814447020796
Vermont Is For Lovers (1992),0.4775619778820584
"Vie est belle, La (Life is Rosey) (1987)",0.6646883039093139
Quartier Mozart (1992),0.40246814447020796
Touki Bouki (Journey of the Hyena) (1973),0.5375430696691134
Wend Kuuni (God's Gift) (1982),0.5375430696691134
Spirits of the Dead (Tre passi nel delirio) (1968),0.06064588478318202
Pharaoh's Army (1995),0.11577850731334749
"I, Worst of All (Yo, la peor de todas) (1990)",0.5375430696691134
"Hungarian Fairy Tale, A (1987)",0.00826989337952482
"Death in the Garden (Mort en ce jardin, La) (1956)",0.5375430696691134
"Collectionneuse, La (1967)",0.5375430696691134
Baton Rouge (1988),0.4410609802413238
Liebelei (1933),0.2729064815243191
"Woman in Question, The (1950)",0.057889253656673745
T-Men (1947),0.0
"Invitation, The (Zaproszenie) (1986)",0.5375430696691134
"Symphonie pastorale, La (1946)",0.5375430696691134
American Dream (1990),0.0
Lashou shentan (1992),0.6588982732996661
Terror in a Texas Town (1958),0.022053049012066193
Salut cousin! (1996),0.6646883039093139
Schizopolis (1996),0.40246814447020796
"To Have, or Not (1995)",0.5375430696691134
Duoluo tianshi (1995),0.5375430696691134
"Magic Hour, The (1998)",0.5375430696691134
Death in Brunswick (1991),0.40246814447020796
Everest (1998),0.0
Shopping (1994),0.6140082572769322
Nemesis 2: Nebula (1995),0.5570396030311187
Romper Stomper (1992),0.6822313969743691
City of Industry (1997),0.4366280940635962
Someone Else's America (1995),0.5375430696691134
Guantanamera (1994),0.40246814447020796
Office Killer (1997),0.4410609802413238
"Price Above Rubies, A (1998)",0.5375430696691134
Angela (1995),0.5375430696691134
He Walked by Night (1948),0.35650534593991595
Love Serenade (1996),0.40246814447020796
Deceiver (1997),0.17642439209652955
Hurricane Streets (1998),0.5375430696691134
Buddy (1997),0.4297162651954344
B*A*P*S (1997),0.40246814447020796
"Truth or Consequences, N.M. (1997)",0.506110267896845
Intimate Relations (1996),0.40246814447020796
"Leading Man, The (1996)",0.2729064815243191
Tokyo Fist (1995),0.6822313969743691
"Reluctant Debutante, The (1958)",0.6646883039093139
Warriors of Virtue (1997),0.32114752623821385
Desert Winds (1995),0.5375430696691134
Hugo Pool (1997),0.2729064815243191
King of New York (1990),0.4268819312496767
All Things Fair (1996),0.5375430696691134
"Sixth Man, The (1997)",0.40246814447020796
Butterfly Kiss (1995),0.4410609802413238
"Paris, France (1993)",0.40246814447020796
"Cérémonie, La (1995)",0.5375430696691134
Hush (1998),0.4410609802413238
Nightwatch (1997),0.35476032642667193
Nobody Loves Me (Keiner liebt mich) (1994),0.6646883039093139
"Wife, The (1995)",0.6646883039093139
Lamerica (1994),0.5375430696691134
Nico Icon (1995),0.0
"Silence of the Palace, The (Saimt el Qusur) (1994)",0.5375430696691134
"Slingshot, The (1993)",0.6646883039093139
Land and Freedom (Tierra y libertad) (1995),0.11577850731334749
Á köldum klaka (Cold Fever) (1994),0.6646883039093139
Etz Hadomim Tafus (Under the Domin Tree) (1994),0.5375430696691134
Two Friends (1986) ,0.5375430696691134
Brothers in Trouble (1995),0.5375430696691134
Girls Town (1996),0.5375430696691134
Normal Life (1996),0.5048512337610331
Bitter Sugar (Azucar Amargo) (1996),0.5375430696691134
"Eighth Day, The (1996)",0.5375430696691134
Dadetown (1995),0.0
Some Mother's Son (1996),0.5375430696691134
Angel Baby (1995),0.5375430696691134
Sudden Manhattan (1996),0.40246814447020796
"Butcher Boy, The (1998)",0.5375430696691134
Men With Guns (1997),0.6822313969743691
Hana-bi (1997),0.6445743977931516
"Niagara, Niagara (1997)",0.5375430696691134
"Big One, The (1997)",0.2845879541664511
"Butcher Boy, The (1998)",0.5375430696691134
"Spanish Prisoner, The (1997)",0.6919775597882887
Temptress Moon (Feng Yue) (1996),0.2729064815243191
Entertaining Angels: The Dorothy Day Story (1996),0.5375430696691134
Chairman of the Board (1998),0.40246814447020796
"Favor, The (1994)",0.4775619778820584
Little City (1998),0.4775619778820584
Target (1995),0.6822313969743691
"Substance of Fire, The (1996)",0.5375430696691134
Getting Away With Murder (1996),0.40246814447020796
Small Faces (1995),0.5375430696691134
"New Age, The (1994)",0.5375430696691134
Rough Magic (1995),0.57307437345847
Nothing Personal (1995),0.46196811737978705
8 Heads in a Duffel Bag (1997),0.40246814447020796
"Brother's Kiss, A (1997)",0.5375430696691134
Ripe (1996),0.5375430696691134
"Next Step, The (1995)",0.5375430696691134
Wedding Bell Blues (1996),0.40246814447020796
MURDER and murder (1996),0.445631682424895
Tainted (1998),0.596465164211877
"Further Gesture, A (1996)",0.5375430696691134
Kika (1993),0.5375430696691134
Mirage (1995),0.6140082572769322
Mamma Roma (1962),0.5375430696691134
"Sunchaser, The (1996)",0.5375430696691134
"War at Home, The (1996)",0.5375430696691134
Sweet Nothing (1995),0.5375430696691134
Mat' i syn (1997),0.5375430696691134
B. Monkey (1998),0.5048512337610331
Sliding Doors (1998),0.57307437345847
You So Crazy (1994),0.40246814447020796
Scream of Stone (Schrei aus Stein) (1991),0.5375430696691134
